TN,FP,FN,TP,n,accuracy,precision,recall,f1,specificity,mcc,roc_auc,predict_and_score_seconds,model,params
13391,7525,2971,14396,38283,0.7258313089360813,0.6567218648784271,0.8289284274773997,0.7328446344939931,0.6402275769745649,0.47213981171833247,0.8252779479919861,14.840740442276001,LR,"{""C"": 100}"
18011,2905,7231,10136,38283,0.7352349606875114,0.7772410091250671,0.5836356307940347,0.6666666666666666,0.8611111111111112,0.4671939017332849,0.808680468734747,14.957399606704712,MNB,"{""alpha"": 0.01}"
7576,13340,1755,15612,38283,0.6056996578115613,0.5392373583862946,0.8989462774226982,0.6741078175262851,0.36221074775291645,0.3028308056129769,0.6693729252958223,14.946958780288696,BNB,"{""alpha"": 0.01}"
13026,7890,3023,14344,38283,0.7149387456573414,0.6451380768192858,0.8259342431047388,0.7244261508547764,0.6227768215720023,0.452726283218928,0.8144155148012692,14.887541770935059,LinearSVC,"{""C"": 10}"
13368,7548,2960,14407,38283,0.7255178538777003,0.6562058756547483,0.8295618126331549,0.7327704592848787,0.6391279403327597,0.47179568084623386,0.8284453445233029,992.4221043586731,SVC-RBF,"{""C"": 10}"
17567,3349,10281,7086,38283,0.6439672961889089,0.679060852898898,0.40801520124373813,0.5097475001798432,0.8398833428953911,0.2771612192340139,0.681674263181151,46.69400596618652,KNN,"{""n_neighbors"": 15}"
8648,12268,2786,14581,38283,0.6067706292610296,0.5430742299526984,0.8395808141878275,0.6595350099511489,0.413463377318799,0.2752548247140685,0.5015763011190046,14.988862037658691,DT,"{""max_depth"": 50, ""min_samples_leaf"": 1}"
10570,10346,3549,13818,38283,0.6370451636496617,0.5718424101969872,0.7956469165659008,0.6654306421709085,0.5053547523427041,0.31058769068736874,0.7232125479216451,23.280186414718628,RF,"{""max_features"": ""sqrt"", ""min_samples_leaf"": 1}"
13545,7371,3884,13483,38283,0.7060052764934828,0.6465426297113264,0.7763574595497207,0.7055283744538343,0.6475903614457831,0.42382171701217386,0.7725607769885763,25.00733733177185,ET,"{""max_features"": ""sqrt"", ""min_samples_leaf"": 1}"
8099,12817,2571,14796,38283,0.5980461301360918,0.5358345706732336,0.8519606149594058,0.6578923966207203,0.3872155287817938,0.2655709529706426,0.7412489841793339,22.45657253265381,AdaBoost,"{""learning_rate"": 1.0, ""n_estimators"": 400}"
6407,14509,1900,15467,38283,0.5713763289188413,0.5159794502268481,0.890597109460471,0.6534017700610438,0.30632052017594186,0.23783587988777494,0.7533300608048208,15.51569938659668,GB,"{""learning_rate"": 0.3}"
16322,4594,3763,13604,38283,0.7817046730924954,0.7475546763380592,0.7833246962630276,0.7650217910867426,0.7803595333715816,0.561939880710497,0.8599067884641688,15.309306859970093,MLP,"{""alpha"": 0.001}"
8861,12055,2338,15029,38283,0.62403677872685,0.5549032639196574,0.8653768641676743,0.6762052597241907,0.4236469688276917,0.31629283223170224,0.76605056253387,16.38749051094055,XGB,"{""n_estimators"": 600}"
