TN,FP,FN,TP,n,accuracy,precision,recall,f1,specificity,mcc,roc_auc,predict_and_score_seconds,model,params,input,setting
1911,167,122,1852,4052,0.9286771964461994,0.9172857850421,0.9381965552178319,0.9276233408464813,0.9196342637151107,0.8575533382703352,0.9730161493057485,0.06867098808288574,LinearSVC,"{""C"": 10}",title_only,random
1905,173,86,1888,4052,0.9360809476801579,0.9160601649684619,0.9564336372847011,0.9358116480793061,0.9167468719923003,0.8730231355979269,0.9778048216808891,0.06729483604431152,LR,"{""C"": 100}",title_only,random
1939,139,455,1519,4052,0.853405725567621,0.9161640530759951,0.7695035460992907,0.836453744493392,0.9331087584215592,0.7142623540080107,0.9570092141048256,0.0667867660522461,MNB,"{""alpha"": 0.01}",title_only,random
1876,202,42,1932,4052,0.9397828232971372,0.9053420805998126,0.9787234042553191,0.9406037000973709,0.9027911453320501,0.8824788825180483,0.9838030342479178,0.9643096923828125,RF,"{""max_features"": ""sqrt"", ""min_samples_leaf"": 1}",title_only,random
1927,283,56,1550,3816,0.9111635220125787,0.845608292416803,0.9651307596513076,0.9014248328002327,0.8719457013574661,0.8271636620324527,0.9700671407561012,0.06351566314697266,LinearSVC,"{""C"": 1}",title_only,author_disjoint
1947,263,69,1537,3816,0.9129979035639413,0.8538888888888889,0.9570361145703612,0.9025249559600704,0.8809954751131222,0.8287962561178998,0.9684079216512737,0.0637502670288086,LR,"{""C"": 100}",title_only,author_disjoint
2008,202,519,1087,3816,0.8110587002096437,0.843289371605896,0.6768368617683687,0.7509499136442142,0.9085972850678733,0.6111078714936761,0.9254772825884832,0.06228828430175781,MNB,"{""alpha"": 0.01}",title_only,author_disjoint
1896,314,45,1561,3816,0.9059224318658281,0.8325333333333333,0.9719800747198007,0.8968687158862396,0.857918552036199,0.8195596145907895,0.9743122510044347,0.85481858253479,RF,"{""max_features"": ""sqrt"", ""min_samples_leaf"": 1}",title_only,author_disjoint
2066,12,6,1968,4052,0.9955577492596249,0.9939393939393939,0.9969604863221885,0.9954476479514416,0.9942252165543792,0.9911146694147929,0.999467573157496,0.08010482788085938,LinearSVC,"{""C"": 10}",author_title,random
2064,14,7,1967,4052,0.9948173741362291,0.9929328621908127,0.9964539007092199,0.9946902654867257,0.9932627526467758,0.9896347495558528,0.9995351016535462,0.08140325546264648,LR,"{""C"": 100}",author_title,random
2064,14,223,1751,4052,0.9415103652517275,0.9920679886685553,0.8870314083080041,0.9366140679326023,0.9932627526467758,0.8873985807058744,0.9968510267744393,0.08006739616394043,MNB,"{""alpha"": 0.01}",author_title,random
2065,13,3,1971,4052,0.9960513326752222,0.9934475806451613,0.9984802431610942,0.9959575543203638,0.9937439846005774,0.9921105592012225,0.9997230600306389,0.646247386932373,RF,"{""max_features"": ""sqrt"", ""min_samples_leaf"": 1}",author_title,random
1823,387,7,1599,3816,0.8967505241090147,0.8051359516616314,0.9956413449564134,0.8903118040089086,0.8248868778280543,0.8108625894506599,0.9825989079413737,0.07417821884155273,LinearSVC,"{""C"": 1}",author_title,author_disjoint
1822,388,7,1599,3816,0.8964884696016772,0.8047307498741821,0.9956413449564134,0.8900640133593097,0.8244343891402715,0.8104329359342269,0.9814640234865859,0.07533860206604004,LR,"{""C"": 100}",author_title,author_disjoint
2114,96,448,1158,3816,0.8574423480083857,0.9234449760765551,0.7210460772104608,0.8097902097902098,0.9565610859728507,0.7122108159264529,0.952208065906696,0.07372498512268066,MNB,"{""alpha"": 0.01}",author_title,author_disjoint
1821,389,0,1606,3816,0.8980607966457023,0.8050125313283208,1.0,0.8919744515412386,0.8239819004524886,0.8144419902313352,0.9796202588708631,0.6063973903656006,RF,"{""max_features"": ""sqrt"", ""min_samples_leaf"": 1}",author_title,author_disjoint
2038,40,35,1939,4052,0.9814906219151036,0.9797877716018191,0.9822695035460993,0.9810270680495826,0.9807507218479307,0.9629621250617377,0.9977484000378354,2.9426681995391846,LinearSVC,"{""C"": 10}",title_text,random
2039,39,35,1939,4052,0.9817374136229022,0.9802831142568251,0.9822695035460993,0.9812753036437247,0.9812319538017324,0.9634544833072064,0.9976825780380753,2.943178176879883,LR,"{""C"": 100}",title_text,random
2019,59,201,1773,4052,0.9358341559723593,0.9677947598253275,0.898176291793313,0.931686810299527,0.9716073147256978,0.8735109264820567,0.9898502476369904,2.9324328899383545,MNB,"{""alpha"": 0.01}",title_text,random
1998,80,69,1905,4052,0.963228035538006,0.9596977329974811,0.9650455927051672,0.9623642333922707,0.9615014436958614,0.9264315211849542,0.9937463005598283,4.129781246185303,RF,"{""max_features"": ""sqrt"", ""min_samples_leaf"": 1}",title_text,random
2118,92,30,1576,3816,0.9680293501048218,0.9448441247002398,0.9813200498132005,0.9627367135003054,0.9583710407239819,0.9352739858913421,0.9970700934842757,2.6645615100860596,LinearSVC,"{""C"": 1}",title_text,author_disjoint
2114,96,28,1578,3816,0.9675052410901468,0.942652329749104,0.9825653798256538,0.9621951219512195,0.9565610859728507,0.9343412588355434,0.9969404890033416,2.6599221229553223,LR,"{""C"": 100}",title_text,author_disjoint
2127,83,183,1423,3816,0.9302935010482181,0.9448871181938912,0.886052303860523,0.9145244215938303,0.9624434389140272,0.8570380407437677,0.9820387911846413,2.6620798110961914,MNB,"{""alpha"": 0.01}",title_text,author_disjoint
2119,91,67,1539,3816,0.9585953878406709,0.9441717791411043,0.9582814445828145,0.9511742892459827,0.9588235294117647,0.9153118294246978,0.9926907298986267,3.7510592937469482,RF,"{""max_features"": ""sqrt"", ""min_samples_leaf"": 1}",title_text,author_disjoint
2051,27,27,1947,4052,0.9866732477788747,0.986322188449848,0.986322188449848,0.986322188449848,0.9870067372473532,0.9733289256972012,0.9985553289978577,2.9437003135681152,LinearSVC,"{""C"": 10}",author_title_text,random
2048,30,30,1944,4052,0.9851924975320829,0.9848024316109423,0.9848024316109423,0.9848024316109423,0.9855630413859481,0.9703654729968902,0.9984068638206209,2.936352014541626,LR,"{""C"": 100}",author_title_text,random
2039,39,155,1819,4052,0.9521224086870681,0.9790096878363832,0.9214792299898683,0.9493736951983298,0.9812319538017324,0.9055324173834001,0.9935570013642219,2.9462954998016357,MNB,"{""alpha"": 0.01}",author_title_text,random
2023,55,57,1917,4052,0.9723593287265548,0.9721095334685599,0.9711246200607903,0.9716168271667511,0.9735322425409048,0.9446812746427735,0.9960729863587562,4.121799945831299,RF,"{""max_features"": ""sqrt"", ""min_samples_leaf"": 1}",author_title_text,random
2126,84,23,1583,3816,0.9719601677148847,0.9496100779844031,0.9856787048567871,0.9673082798655668,0.9619909502262444,0.9432783662110669,0.9979781700974288,2.6435115337371826,LinearSVC,"{""C"": 1}",author_title_text,author_disjoint
2129,81,23,1583,3816,0.9727463312368972,0.9513221153846154,0.9856787048567871,0.9681957186544342,0.9633484162895928,0.9448214331767815,0.9978643435533041,2.651602029800415,LR,"{""C"": 100}",author_title_text,author_disjoint
2145,65,173,1433,3816,0.9376310272536688,0.9566088117489987,0.8922789539227896,0.9233247422680413,0.9705882352941176,0.8723690313366184,0.985094639445969,2.6482038497924805,MNB,"{""alpha"": 0.01}",author_title_text,author_disjoint
2138,72,60,1546,3816,0.9654088050314465,0.9555006180469716,0.962640099626401,0.9590570719602978,0.967420814479638,0.9291315301121671,0.9954253844463352,3.730583429336548,RF,"{""max_features"": ""sqrt"", ""min_samples_leaf"": 1}",author_title_text,author_disjoint
