TN,FP,FN,TP,n,accuracy,precision,recall,f1,specificity,mcc,roc_auc,predict_and_score_seconds,model,cv_mcc,params
2114,96,28,1578,3816,0.9675052410901468,0.942652329749104,0.9825653798256538,0.9621951219512195,0.9565610859728507,0.9343412588355434,0.9969404890033416,2.656249523162842,LR,0.934948086546176,"{""C"": 100}"
2127,83,183,1423,3816,0.9302935010482181,0.9448871181938912,0.886052303860523,0.9145244215938303,0.9624434389140272,0.8570380407437677,0.9820387911846413,2.6701321601867676,MNB,0.8320962581030239,"{""alpha"": 0.01}"
1515,695,81,1525,3816,0.7966457023060797,0.6869369369369369,0.9495641344956414,0.7971772085729221,0.6855203619909502,0.6356345386683223,0.8872732625955833,2.6675338745117188,BNB,0.6984562763637747,"{""alpha"": 0.01}"
2118,92,30,1576,3816,0.9680293501048218,0.9448441247002398,0.9813200498132005,0.9627367135003054,0.9583710407239819,0.9352739858913421,0.9970700934842757,2.6654958724975586,LinearSVC,0.9373001162342813,"{""C"": 1}"
2118,92,33,1573,3816,0.9672431865828093,0.9447447447447448,0.9794520547945206,0.9617853867318863,0.9583710407239819,0.9336035769897508,0.9970188151896452,96.22651958465576,SVC-RBF,0.9307673122992305,"{""C"": 10}"
2095,115,246,1360,3816,0.9053983228511531,0.9220338983050848,0.8468244084682441,0.8828302499188575,0.9479638009049773,0.8057932147720485,0.9622986199940269,5.660284996032715,KNN,0.7855807798189303,"{""n_neighbors"": 15}"
1995,215,89,1517,3816,0.9203354297693921,0.875866050808314,0.9445828144458281,0.9089275014979029,0.9027149321266968,0.8401989946491579,0.9457709494373475,2.666456460952759,DT,0.8634648508838095,"{""max_depth"": null, ""min_samples_leaf"": 5}"
2119,91,67,1539,3816,0.9585953878406709,0.9441717791411043,0.9582814445828145,0.9511742892459827,0.9588235294117647,0.9153118294246978,0.9926907298986267,3.7818756103515625,RF,0.8966078624213933,"{""max_features"": ""sqrt"", ""min_samples_leaf"": 1}"
2128,82,106,1500,3816,0.950733752620545,0.9481668773704172,0.933997509339975,0.9410288582183187,0.96289592760181,0.8988038610960654,0.9912309889948892,4.02021050453186,ET,0.8756270036554642,"{""max_features"": ""sqrt"", ""min_samples_leaf"": 1}"
2100,110,46,1560,3816,0.9591194968553459,0.9341317365269461,0.9713574097135741,0.9523809523809523,0.9502262443438914,0.9171293164368864,0.9926401559761753,3.855620861053467,AdaBoost,0.9192015511967734,"{""learning_rate"": 1.0, ""n_estimators"": 400}"
2081,129,44,1562,3816,0.9546645702306079,0.9237137788290952,0.9726027397260274,0.9475280558083106,0.9416289592760181,0.9086024672031534,0.9913911632283913,2.7379705905914307,GB,0.9063691046784753,"{""learning_rate"": 0.1}"
2097,113,43,1563,3816,0.9591194968553459,0.9325775656324582,0.973225404732254,0.9524680073126143,0.948868778280543,0.9172765601448774,0.9947066430748945,2.6976475715637207,MLP,0.9015136182299256,"{""alpha"": 0.001}"
2127,83,38,1568,3816,0.9682914046121593,0.9497274379164143,0.9763387297633873,0.9628492477740251,0.9624434389140272,0.9354729893932803,0.9956768453142346,2.7238850593566895,XGB,0.9315038535521915,"{""n_estimators"": 300}"
