model,n01,n10,p_raw,p_holm
BNB,379,28,9.698554803114707e-80,1.1638265763737647e-78
KNN,285,42,1.5884387662165912e-45,1.7472826428382502e-44
MNB,216,31,2.6195049524677784e-35,2.6195049524677786e-34
DT,196,45,1.1806312481144184e-23,1.0625681233029766e-22
ET,109,27,7.048816900472416e-13,5.639053520377933e-12
RF,106,32,1.865139043673374e-10,1.3055973305713618e-09
AdaBoost,116,38,2.2412784493246866e-10,1.3447670695948119e-09
GB,103,40,1.3733063552271616e-07,6.866531776135807e-07
MLP,48,20,0.0009143907212875585,0.003657562885150234
XGB,63,47,0.15233780606025285,0.4570134181807586
SVC-RBF,26,16,0.16414940178310644,0.4570134181807586
LR,11,12,1.0,1.0
