model,acc_ci_lo,acc_ci_hi,mcc_ci_lo,mcc_ci_hi
LR,0.9775419545903258,0.9856922507403751,0.9549565456041514,0.9714452715553805
MNB,0.9281774432379072,0.9432379072063178,0.8585123287476553,0.8878182256100595
BNB,0.8849950641658441,0.9047384007897334,0.7739787334465089,0.812092110099141
LinearSVC,0.9772951628825272,0.9854392892398816,0.9545630763996439,0.9708866637298053
SVC-RBF,0.9743336623889437,0.9834649555774926,0.9486686285161887,0.9669157949520564
KNN,0.9133699407699901,0.9299111549851925,0.830329003668864,0.8623232162533363
DT,0.937314906219151,0.9511352418558736,0.8744254773976365,0.9022227896200272
RF,0.9575456564659427,0.9689104146100691,0.9151051518089768,0.9378595861657861
ET,0.9555774925962488,0.9671767028627838,0.911057466821902,0.9342560673258162
AdaBoost,0.9558242843040474,0.967670286278381,0.9119635378945395,0.9355386732064842
GB,0.9602665350444225,0.9713721618953604,0.9207072100535708,0.9429732460574639
MLP,0.9693978282329714,0.9790227048371175,0.9387287381269194,0.9579957043040801
XGB,0.9730997038499506,0.9819842053307009,0.9463571163066128,0.9639569912655602
