file,TN,FP,FN,TP,n,accuracy,precision,recall,f1,specificity,mcc,roc_auc
predictions/ablation_author_disjoint_author_title/LR.csv.gz,1822,388,7,1599,3816,0.8964884696016772,0.8047307498741821,0.9956413449564134,0.8900640133593097,0.8244343891402715,0.8104329359342269,0.9814640234865859
predictions/ablation_author_disjoint_author_title/LinearSVC.csv.gz,1823,387,7,1599,3816,0.8967505241090147,0.8051359516616314,0.9956413449564134,0.8903118040089086,0.8248868778280543,0.8108625894506599,0.9825989079413737
predictions/ablation_author_disjoint_author_title/MNB.csv.gz,2114,96,448,1158,3816,0.8574423480083857,0.9234449760765551,0.7210460772104608,0.8097902097902098,0.9565610859728507,0.7122108159264529,0.952208065906696
predictions/ablation_author_disjoint_author_title/RF.csv.gz,1821,389,0,1606,3816,0.8980607966457023,0.8050125313283208,1.0,0.8919744515412386,0.8239819004524886,0.8144419902313352,0.9796202588708631
predictions/ablation_author_disjoint_author_title_text/LR.csv.gz,2129,81,23,1583,3816,0.9727463312368972,0.9513221153846154,0.9856787048567871,0.9681957186544342,0.9633484162895928,0.9448214331767815,0.9978643435533041
predictions/ablation_author_disjoint_author_title_text/LinearSVC.csv.gz,2126,84,23,1583,3816,0.9719601677148847,0.9496100779844031,0.9856787048567871,0.9673082798655668,0.9619909502262444,0.9432783662110669,0.9979781700974288
predictions/ablation_author_disjoint_author_title_text/MNB.csv.gz,2145,65,173,1433,3816,0.9376310272536688,0.9566088117489987,0.8922789539227896,0.9233247422680413,0.9705882352941176,0.8723690313366184,0.985094639445969
predictions/ablation_author_disjoint_author_title_text/RF.csv.gz,2138,72,60,1546,3816,0.9654088050314465,0.9555006180469716,0.962640099626401,0.9590570719602978,0.967420814479638,0.9291315301121671,0.9954253844463352
predictions/ablation_author_disjoint_title_only/LR.csv.gz,1947,263,69,1537,3816,0.9129979035639413,0.8538888888888889,0.9570361145703612,0.9025249559600704,0.8809954751131222,0.8287962561178998,0.9684079216512737
predictions/ablation_author_disjoint_title_only/LinearSVC.csv.gz,1927,283,56,1550,3816,0.9111635220125787,0.845608292416803,0.9651307596513076,0.9014248328002327,0.8719457013574661,0.8271636620324527,0.9700671407561012
predictions/ablation_author_disjoint_title_only/MNB.csv.gz,2008,202,519,1087,3816,0.8110587002096437,0.843289371605896,0.6768368617683687,0.7509499136442142,0.9085972850678733,0.6111078714936761,0.9254772825884832
predictions/ablation_author_disjoint_title_only/RF.csv.gz,1896,314,45,1561,3816,0.9059224318658281,0.8325333333333333,0.9719800747198007,0.8968687158862396,0.857918552036199,0.8195596145907895,0.9743122510044347
predictions/ablation_author_disjoint_title_text/LR.csv.gz,2114,96,28,1578,3816,0.9675052410901468,0.942652329749104,0.9825653798256538,0.9621951219512195,0.9565610859728507,0.9343412588355434,0.9969404890033416
predictions/ablation_author_disjoint_title_text/LinearSVC.csv.gz,2118,92,30,1576,3816,0.9680293501048218,0.9448441247002398,0.9813200498132005,0.9627367135003054,0.9583710407239819,0.9352739858913421,0.9970700934842757
predictions/ablation_author_disjoint_title_text/MNB.csv.gz,2127,83,183,1423,3816,0.9302935010482181,0.9448871181938912,0.886052303860523,0.9145244215938303,0.9624434389140272,0.8570380407437677,0.9820387911846413
predictions/ablation_author_disjoint_title_text/RF.csv.gz,2119,91,67,1539,3816,0.9585953878406709,0.9441717791411043,0.9582814445828145,0.9511742892459827,0.9588235294117647,0.9153118294246978,0.9926907298986267
predictions/ablation_random_author_title/LR.csv.gz,2064,14,7,1967,4052,0.9948173741362291,0.9929328621908127,0.9964539007092199,0.9946902654867257,0.9932627526467758,0.9896347495558528,0.9995351016535462
predictions/ablation_random_author_title/LinearSVC.csv.gz,2066,12,6,1968,4052,0.9955577492596249,0.9939393939393939,0.9969604863221885,0.9954476479514416,0.9942252165543792,0.9911146694147929,0.999467573157496
predictions/ablation_random_author_title/MNB.csv.gz,2064,14,223,1751,4052,0.9415103652517275,0.9920679886685553,0.8870314083080041,0.9366140679326023,0.9932627526467758,0.8873985807058744,0.9968510267744393
predictions/ablation_random_author_title/RF.csv.gz,2065,13,3,1971,4052,0.9960513326752222,0.9934475806451613,0.9984802431610942,0.9959575543203638,0.9937439846005774,0.9921105592012225,0.9997230600306389
predictions/ablation_random_author_title_text/LR.csv.gz,2048,30,30,1944,4052,0.9851924975320829,0.9848024316109423,0.9848024316109423,0.9848024316109423,0.9855630413859481,0.9703654729968902,0.9984068638206209
predictions/ablation_random_author_title_text/LinearSVC.csv.gz,2051,27,27,1947,4052,0.9866732477788747,0.986322188449848,0.986322188449848,0.986322188449848,0.9870067372473532,0.9733289256972012,0.9985553289978577
predictions/ablation_random_author_title_text/MNB.csv.gz,2039,39,155,1819,4052,0.9521224086870681,0.9790096878363832,0.9214792299898683,0.9493736951983298,0.9812319538017324,0.9055324173834001,0.9935570013642219
predictions/ablation_random_author_title_text/RF.csv.gz,2023,55,57,1917,4052,0.9723593287265548,0.9721095334685599,0.9711246200607903,0.9716168271667511,0.9735322425409048,0.9446812746427735,0.9960729863587562
predictions/ablation_random_title_only/LR.csv.gz,1905,173,86,1888,4052,0.9360809476801579,0.9160601649684619,0.9564336372847011,0.9358116480793061,0.9167468719923003,0.8730231355979269,0.9778048216808891
predictions/ablation_random_title_only/LinearSVC.csv.gz,1911,167,122,1852,4052,0.9286771964461994,0.9172857850421,0.9381965552178319,0.9276233408464813,0.9196342637151107,0.8575533382703352,0.9730161493057485
predictions/ablation_random_title_only/MNB.csv.gz,1939,139,455,1519,4052,0.853405725567621,0.9161640530759951,0.7695035460992907,0.836453744493392,0.9331087584215592,0.7142623540080107,0.9570092141048256
predictions/ablation_random_title_only/RF.csv.gz,1876,202,42,1932,4052,0.9397828232971372,0.9053420805998126,0.9787234042553191,0.9406037000973709,0.9027911453320501,0.8824788825180483,0.9838030342479178
predictions/ablation_random_title_text/LR.csv.gz,2039,39,35,1939,4052,0.9817374136229022,0.9802831142568251,0.9822695035460993,0.9812753036437247,0.9812319538017324,0.9634544833072064,0.9976825780380753
predictions/ablation_random_title_text/LinearSVC.csv.gz,2038,40,35,1939,4052,0.9814906219151036,0.9797877716018191,0.9822695035460993,0.9810270680495826,0.9807507218479307,0.9629621250617377,0.9977484000378354
predictions/ablation_random_title_text/MNB.csv.gz,2019,59,201,1773,4052,0.9358341559723593,0.9677947598253275,0.898176291793313,0.931686810299527,0.9716073147256978,0.8735109264820567,0.9898502476369904
predictions/ablation_random_title_text/RF.csv.gz,1998,80,69,1905,4052,0.963228035538006,0.9596977329974811,0.9650455927051672,0.9623642333922707,0.9615014436958614,0.9264315211849542,0.9937463005598283
predictions/author_disjoint/AdaBoost.csv.gz,2100,110,46,1560,3816,0.9591194968553459,0.9341317365269461,0.9713574097135741,0.9523809523809523,0.9502262443438914,0.9171293164368864,0.9926401559761753
predictions/author_disjoint/BNB.csv.gz,1515,695,81,1525,3816,0.7966457023060797,0.6869369369369369,0.9495641344956414,0.7971772085729221,0.6855203619909502,0.6356345386683223,0.8872732625955833
predictions/author_disjoint/DT.csv.gz,1995,215,89,1517,3816,0.9203354297693921,0.875866050808314,0.9445828144458281,0.9089275014979029,0.9027149321266968,0.8401989946491579,0.9457709494373475
predictions/author_disjoint/ET.csv.gz,2128,82,106,1500,3816,0.950733752620545,0.9481668773704172,0.933997509339975,0.9410288582183187,0.96289592760181,0.8988038610960654,0.9912309889948892
predictions/author_disjoint/GB.csv.gz,2081,129,44,1562,3816,0.9546645702306079,0.9237137788290952,0.9726027397260274,0.9475280558083106,0.9416289592760181,0.9086024672031534,0.9913911632283913
predictions/author_disjoint/KNN.csv.gz,2095,115,246,1360,3816,0.9053983228511531,0.9220338983050848,0.8468244084682441,0.8828302499188575,0.9479638009049773,0.8057932147720485,0.9622986199940269
predictions/author_disjoint/LR.csv.gz,2114,96,28,1578,3816,0.9675052410901468,0.942652329749104,0.9825653798256538,0.9621951219512195,0.9565610859728507,0.9343412588355434,0.9969404890033416
predictions/author_disjoint/LinearSVC.csv.gz,2118,92,30,1576,3816,0.9680293501048218,0.9448441247002398,0.9813200498132005,0.9627367135003054,0.9583710407239819,0.9352739858913421,0.9970700934842757
predictions/author_disjoint/MLP.csv.gz,2097,113,43,1563,3816,0.9591194968553459,0.9325775656324582,0.973225404732254,0.9524680073126143,0.948868778280543,0.9172765601448774,0.9947066430748945
predictions/author_disjoint/MNB.csv.gz,2127,83,183,1423,3816,0.9302935010482181,0.9448871181938912,0.886052303860523,0.9145244215938303,0.9624434389140272,0.8570380407437677,0.9820387911846413
predictions/author_disjoint/RF.csv.gz,2119,91,67,1539,3816,0.9585953878406709,0.9441717791411043,0.9582814445828145,0.9511742892459827,0.9588235294117647,0.9153118294246978,0.9926907298986267
predictions/author_disjoint/SVC-RBF.csv.gz,2118,92,33,1573,3816,0.9672431865828093,0.9447447447447448,0.9794520547945206,0.9617853867318863,0.9583710407239819,0.9336035769897508,0.9970188151896452
predictions/author_disjoint/XGB.csv.gz,2127,83,38,1568,3816,0.9682914046121593,0.9497274379164143,0.9763387297633873,0.9628492477740251,0.9624434389140272,0.9354729893932803,0.9956768453142346
predictions/isot_to_kaggle/AdaBoost.csv.gz,4776,5611,1847,8023,20257,0.6318309720096756,0.5884553322575913,0.8128672745694022,0.6826923076923077,0.4598055261384423,0.29054033886984426,0.6608088455983432
predictions/isot_to_kaggle/BNB.csv.gz,3730,6657,1656,8214,20257,0.5896233400799723,0.5523502118216663,0.8322188449848025,0.6639990299502849,0.35910272455954556,0.216453352068742,0.5755806421186018
predictions/isot_to_kaggle/DT.csv.gz,5102,5285,3280,6590,20257,0.5771831959322703,0.5549473684210526,0.6676798378926039,0.6061163485858818,0.4911909117165688,0.1612341191985443,0.6118717877512115
predictions/isot_to_kaggle/ET.csv.gz,4579,5808,1831,8039,20257,0.6228957891099373,0.5805589658409764,0.8144883485309017,0.6779103596576296,0.4408395109271204,0.2744068734987433,0.7034837893091561
predictions/isot_to_kaggle/GB.csv.gz,3936,6451,2407,7463,20257,0.5627190600779978,0.5363662498203249,0.75612968591692,0.627564749411369,0.37893520747087706,0.14557029665696453,0.6042471938805122
predictions/isot_to_kaggle/KNN.csv.gz,5055,5332,3183,6687,20257,0.5796514785012589,0.5563690822863799,0.6775075987841945,0.6109918223765362,0.4866660248387407,0.167055956273137,0.6149725384460292
predictions/isot_to_kaggle/LR.csv.gz,3365,7022,1309,8561,20257,0.5887347583551364,0.5493807354168003,0.8673758865248227,0.6726908419439752,0.3239626456147107,0.22700540126079718,0.6701349955311023
predictions/isot_to_kaggle/LinearSVC.csv.gz,3294,7093,1319,8551,20257,0.5847361405933751,0.5465993352083865,0.8663627152988855,0.6702986595594576,0.31712717820352365,0.21870069330744876,0.6651724268772174
predictions/isot_to_kaggle/MLP.csv.gz,3325,7062,1269,8601,20257,0.5887347583551364,0.5491285194407202,0.8714285714285714,0.6737163670544002,0.32011167805911234,0.22862868662638763,0.6714341557216961
predictions/isot_to_kaggle/MNB.csv.gz,3498,6889,1985,7885,20257,0.5619292096559214,0.5337078651685393,0.7988855116514691,0.6399123518909268,0.3367671127370752,0.15260672491166832,0.5782660238243014
predictions/isot_to_kaggle/RF.csv.gz,4860,5527,1935,7935,20257,0.6316335094041566,0.5894369335908484,0.8039513677811551,0.6801817246699812,0.4678925580051988,0.28778870958251535,0.6948663471378036
predictions/isot_to_kaggle/SVC-RBF.csv.gz,3404,6983,1358,8512,20257,0.5882411018413388,0.5493384962891256,0.8624113475177305,0.6711610486891386,0.3277173389814191,0.22410977739342453,0.6665706753502668
predictions/isot_to_kaggle/XGB.csv.gz,3766,6621,1266,8604,20257,0.6106531075677544,0.5651231527093596,0.8717325227963526,0.6857142857142857,0.3625685953595841,0.2710372838439711,0.6610393818007059
predictions/kaggle_to_isot/AdaBoost.csv.gz,8099,12817,2571,14796,38283,0.5980461301360918,0.5358345706732336,0.8519606149594058,0.6578923966207203,0.3872155287817938,0.2655709529706426,0.7412489841793339
predictions/kaggle_to_isot/BNB.csv.gz,7576,13340,1755,15612,38283,0.6056996578115613,0.5392373583862946,0.8989462774226982,0.6741078175262851,0.36221074775291645,0.3028308056129769,0.6693729252958223
predictions/kaggle_to_isot/DT.csv.gz,8648,12268,2786,14581,38283,0.6067706292610296,0.5430742299526984,0.8395808141878275,0.6595350099511489,0.413463377318799,0.2752548247140685,0.5015763011190046
predictions/kaggle_to_isot/ET.csv.gz,13545,7371,3884,13483,38283,0.7060052764934828,0.6465426297113264,0.7763574595497207,0.7055283744538343,0.6475903614457831,0.42382171701217386,0.7725607769885763
predictions/kaggle_to_isot/GB.csv.gz,6407,14509,1900,15467,38283,0.5713763289188413,0.5159794502268481,0.890597109460471,0.6534017700610438,0.30632052017594186,0.23783587988777494,0.7533300608048208
predictions/kaggle_to_isot/KNN.csv.gz,17567,3349,10281,7086,38283,0.6439672961889089,0.679060852898898,0.40801520124373813,0.5097475001798432,0.8398833428953911,0.2771612192340139,0.681674263181151
predictions/kaggle_to_isot/LR.csv.gz,13391,7525,2971,14396,38283,0.7258313089360813,0.6567218648784271,0.8289284274773997,0.7328446344939931,0.6402275769745649,0.47213981171833247,0.8252779479919861
predictions/kaggle_to_isot/LinearSVC.csv.gz,13026,7890,3023,14344,38283,0.7149387456573414,0.6451380768192858,0.8259342431047388,0.7244261508547764,0.6227768215720023,0.452726283218928,0.8144155148012692
predictions/kaggle_to_isot/MLP.csv.gz,16322,4594,3763,13604,38283,0.7817046730924954,0.7475546763380592,0.7833246962630276,0.7650217910867426,0.7803595333715816,0.561939880710497,0.8599067884641688
predictions/kaggle_to_isot/MNB.csv.gz,18011,2905,7231,10136,38283,0.7352349606875114,0.7772410091250671,0.5836356307940347,0.6666666666666666,0.8611111111111112,0.4671939017332849,0.808680468734747
predictions/kaggle_to_isot/RF.csv.gz,10570,10346,3549,13818,38283,0.6370451636496617,0.5718424101969872,0.7956469165659008,0.6654306421709085,0.5053547523427041,0.31058769068736874,0.7232125479216451
predictions/kaggle_to_isot/SVC-RBF.csv.gz,13368,7548,2960,14407,38283,0.7255178538777003,0.6562058756547483,0.8295618126331549,0.7327704592848787,0.6391279403327597,0.47179568084623386,0.8284453445233029
predictions/kaggle_to_isot/XGB.csv.gz,8861,12055,2338,15029,38283,0.62403677872685,0.5549032639196574,0.8653768641676743,0.6762052597241907,0.4236469688276917,0.31629283223170224,0.76605056253387
predictions/random/AdaBoost.csv.gz,1981,97,56,1918,4052,0.9622408687068115,0.9518610421836228,0.9716312056737588,0.961644522436701,0.953320500481232,0.9246606239001676,0.9943000586059584
predictions/random/BNB.csv.gz,1776,302,124,1850,4052,0.8948667324777887,0.8596654275092936,0.9371833839918946,0.896752302472128,0.8546679499518768,0.7931257762059221,0.9440430115076359
predictions/random/DT.csv.gz,1962,116,110,1864,4052,0.9442250740375123,0.9414141414141414,0.9442755825734549,0.9428426909458776,0.944177093358999,0.8883890048473976,0.9303320451724195
predictions/random/ET.csv.gz,2011,67,90,1884,4052,0.961253701875617,0.9656586365966171,0.9544072948328267,0.96,0.9677574590952839,0.9224932645445818,0.9945386024087927
predictions/random/GB.csv.gz,1986,92,46,1928,4052,0.9659427443237907,0.9544554455445544,0.9766970618034447,0.9654481722583875,0.9557266602502407,0.9321206369022771,0.9934106083610517
predictions/random/KNN.csv.gz,2014,64,254,1720,4052,0.9215202369200395,0.9641255605381166,0.8713272543059777,0.9153805215540181,0.9692011549566891,0.846310623556648,0.9815749595560379
predictions/random/LR.csv.gz,2039,39,35,1939,4052,0.9817374136229022,0.9802831142568251,0.9822695035460993,0.9812753036437247,0.9812319538017324,0.9634544833072064,0.9976825780380753
predictions/random/LinearSVC.csv.gz,2038,40,35,1939,4052,0.9814906219151036,0.9797877716018191,0.9822695035460993,0.9810270680495826,0.9807507218479307,0.9629621250617377,0.9977484000378354
predictions/random/MLP.csv.gz,2027,51,52,1922,4052,0.9745804540967423,0.9741510390268626,0.9736575481256332,0.9739042310615658,0.9754571703561117,0.9491268661705523,0.9968488327077805
predictions/random/MNB.csv.gz,2019,59,201,1773,4052,0.9358341559723593,0.9677947598253275,0.898176291793313,0.931686810299527,0.9716073147256978,0.8735109264820567,0.9898502476369904
predictions/random/RF.csv.gz,1998,80,69,1905,4052,0.963228035538006,0.9596977329974811,0.9650455927051672,0.9623642333922707,0.9615014436958614,0.9264315211849542,0.9937463005598283
predictions/random/SVC-RBF.csv.gz,2032,46,39,1935,4052,0.9790227048371175,0.9767794043412418,0.9802431610942249,0.9785082174462706,0.9778633301251203,0.9580272033117342,0.9975394761348931
predictions/random/XGB.csv.gz,2020,58,33,1941,4052,0.9775419545903258,0.9709854927463731,0.9832826747720365,0.977095393908885,0.9720885466794995,0.9551413104382098,0.9975617824792564
