model,best_params,grid,cv_mcc_mean,cv_mcc_std,tune_seconds
LinearSVC,"{""C"": 1}","{""C"": [0.1, 1, 10]}",0.9589803524961159,0.001031861279055661,8.51956582069397
LR,"{""C"": 100}","{""C"": [1, 10, 100]}",0.9575144558234004,0.002157735019797262,42.816134452819824
SVC-RBF,"{""C"": 10}","{""C"": [1, 10]}",0.9544722480166272,0.0014927888598727347,573.3525404930115
AdaBoost,"{""learning_rate"": 1.0, ""n_estimators"": 400}","{""n_estimators"": [200, 400], ""learning_rate"": [0.5, 1.0]}",0.9395216855737193,0.0019562799989345575,282.0449843406677
MLP,"{""alpha"": 0.001}","{""alpha"": [0.0001, 0.001]}",0.9374131542381446,0.002919217382925781,69.52815699577332
GB,"{""learning_rate"": 0.1}","{""learning_rate"": [0.1, 0.3]}",0.9358006995217841,0.004989637717285892,48.870991945266724
RF,"{""max_features"": ""sqrt"", ""min_samples_leaf"": 1}","{""max_features"": [""sqrt"", ""log2""], ""min_samples_leaf"": [1, 2]}",0.9274942876836318,0.0017871231123960194,102.45907235145569
ET,"{""max_features"": ""sqrt"", ""min_samples_leaf"": 1}","{""max_features"": [""sqrt"", ""log2""], ""min_samples_leaf"": [1, 2]}",0.9185183446049193,0.005375424039488171,129.3836543560028
DT,"{""max_depth"": null, ""min_samples_leaf"": 1}","{""max_depth"": [null, 50], ""min_samples_leaf"": [1, 5]}",0.8897596532056946,0.009302828877882856,36.173155069351196
MNB,"{""alpha"": 0.01}","{""alpha"": [0.01, 0.1, 1.0]}",0.8783580043050864,0.0029284730329668077,8.766351699829102
KNN,"{""n_neighbors"": 15}","{""n_neighbors"": [5, 15, 31]}",0.8360783776097632,0.004466964142097157,12.852307081222534
BNB,"{""alpha"": 0.01}","{""alpha"": [0.01, 0.1, 1.0]}",0.7797989612564181,0.013334930139734042,8.625568866729736
XGB,"{""n_estimators"": 300}","{""n_estimators"": [300, 600]}",0.3268476731441243,0.16125350851649856,10.629410743713379
